id,status,evidence
TCI-PROD-001,Partial,"docs/Revealyst_Product_Spec_V4.md:64 (product = AI Growth Platform, team/exec intelligence is a by-product); :116 (P2 manager JTBD exists); src/app/(app)/dashboard/team-overview.tsx:329-342 (team surface exists but aggregate/count-only); tci.md:11-23"
TCI-PROD-002,Complete,"docs/Revealyst_Product_Spec_V4.md:48 (raw 0-100 demoted; lead with discovery not deficiency); :134 (Principle 1); the shipped capability graph + user_capability_state model capability, not raw usage; tci.md:25-27"
TCI-PROD-003,Complete,"docs/Revealyst_Product_Spec_V4.md:134-142 (discovery-first, honesty, directional needs ≥2 corroborating signals before influencing a level); the 9-capability graph binds capabilities to behavioral signals, not raw counts (drizzle/0030_capability-graph.sql:58-61); src/scoring/capability-state.ts engine"
TCI-PROD-004,Complete,"docs/Revealyst_Product_Spec_V4.md:655 (no Duolingo mechanics — streaks/XP/leagues), :660 (no XP/streaks/leagues), :638 (no per-person quality/velocity/authorship scores); founder anti-gamification sign-off recorded for missions (ADR 0037, enforced by a banned-phrasing test per CLAUDE.md); tci.md:37-41"
TCI-PROD-005,Complete,docs/Revealyst_Product_Spec_V4.md:142 (every inferred number carries a measured/modeled/directional/not_measured confidence tier); src/lib/data-confidence.ts (Data Confidence card framework); deriveAttention 'why this' line + 'Based on N connected sources' disclosure (CLAUDE.md P4); tci.md:45-57
TCI-PROD-006,Complete,"docs/Revealyst_Product_Spec_V4.md:91-93 (prompt content structurally impossible to ingest — privacy at the data layer), :635 (no prompt-content ingestion in Team mode, ever); tci.md:59-63"
TCI-PROD-007,Conflicting,"CONTRADICTS docs/Revealyst_Product_Spec_V4.md:653 ('No non-engineering role libraries in MVP or V1'), :616-618 (role expansion beyond Engineering is Future, evidence-gated — no honest telemetry source exists for non-eng tools; the only org-wide cross-role capture is a browser extension, a permanent tripwire), :72 (the wedge stays Engineering); only the 'engineering' domain is seeded (drizzle/0030_capability-graph.sql:55). tci.md:65-69, 267-409"
TCI-PROD-008,Complete,"docs/Revealyst_Product_Spec_V4.md:636-637 (no time-saved/ROI/AI-helps-hurts verdicts; expected impact stays qualitative), :678 (Spend Governance folded in as a line, not the value); Spend Governance (budgets/alerts) is a separate surface from scoring; tci.md:71-75"
TCI-PROD-009,Partial,"roles/role_assignments exist but are an engineering-capability seed, not a team-management RBAC (drizzle/0026_roles-entity.sql); visibility modes + platform admin exist (CLAUDE.md); but Revealyst's org == one team (personal = org of one) — no multi-team-within-workspace or subgroup grouping today; tci.md:2103-2107"
TCI-PROD-010,Conflicting,"CONTRADICTS docs/Revealyst_Product_Spec_V4.md:119-123 (self-view-only is 'the mechanism' that makes voluntary use possible; assertTeamOnlyPseudonymized, src/lib/visibility.ts), :641-642 ('No manager visibility into any individual recommendation, coaching content, or interaction state (code-enforced)'); user_capability_state is self-view-only (CLAUDE.md P2); team-overview.tsx:336 caps the manager to count-only, no per-person data. tci.md:651-843, 2115-2119"
TCI-PROD-011,Partial,"src/app/(app)/dashboard/team-overview.tsx (5 card sections incl. count-only capability coverage :336-342, floored segments, plateau verdict); maturity model + /maturity; src/lib/data-confidence.ts (confidence disclosures); CLAUDE.md (Team Intelligence folded ~17→5 cards); tci.md:481-649, 2129-2131"
TCI-PROD-012,Partial,"Spend Governance shipped (budgets, threshold alerts, drill-down, email alerts) — docs/Revealyst_Product_Spec_V4.md:575, :595; cost is kept separate from capability (:678); but manager-facing PER-INDIVIDUAL cost with an admin visibility toggle is not built and touches the self-view boundary; tci.md:2127, 1997"
TCI-PROD-013,Partial,"Weekly digest shipped but it is the INDIVIDUAL self-view delivery vehicle (docs/Revealyst_Product_Spec_V4.md:597; src/poller/digest.ts); monthly Executive narrative memo shipped at org level (composeExecReport, /api/exec-report — CLAUDE.md); a manager-scoped weekly TEAM brief is not built; tci.md:2133, 1503-1535"
TCI-PROD-014,Partial,Concentration/champion-dependence exists in V4 (docs/Revealyst_Product_Spec_V4.md:762) and the team surface (team-overview.tsx concentration/champion floor); within-org percentile benchmark lens exists (:596); but mentor matching + coaching campaigns require naming individuals (self-view conflict) and additional role packs conflict with TCI-PROD-007; tci.md:2135-2149
TCI-PROD-015,Complete,"Matches V4's Future ledger almost exactly: docs/Revealyst_Product_Spec_V4.md:616-628 (Outcomes demand-gated, real cross-org k-anonymous benchmarks consent-gated, forecasting/planning OTel-gated), :643 (no formula DSL / per-tenant custom scoring); tci.md:2151-2163"
TCI-PROD-016,Complete,"docs/Revealyst_Product_Spec_V4.md:72 (the wedge stays Engineering), :52 (role expansion beyond Engineering is Future); the seeded capability graph is a single 'engineering' domain (drizzle/0030_capability-graph.sql:55); roles seed engineering-only (drizzle/0026); tci.md:2167"
TCI-PROD-017,Partial,"The capability graph is a relational, extensible reference model (domains/capabilities/capability_signals) — architecturally role-agnostic (drizzle/0030_capability-graph.sql; CLAUDE.md P1); but the shipped UI/copy is engineering-shaped (companion-glossary, exec-report-copy) and no role-agnostic team product exists yet; tci.md:2169"
TCI-PROD-018,Complete,"Near-verbatim match to V4 NOT-list: docs/Revealyst_Product_Spec_V4.md:636-638 (no time-saved/ROI/AI-helps-hurts verdicts; no per-person quality/velocity scores), :655-660 (no leaderboards/XP/streaks), :621 (external benchmarks consent-volume-gated); TCI §6.8 'do not launch a single opaque AI Efficiency Score' and §6.5 'do not claim causal impact' align with the honesty invariants; tci.md:2171-2183"
TCI-PROD-019,Partial,"V4 already positions as the 'AI Growth Platform' with one-engine/three-read-lenses (docs/Revealyst_Product_Spec_V4.md:64-66, :85-86); the §17 value hierarchy (activity→behavior→skills→growth→team readiness→efficiency→business impact) matches V4's compounding model; BUT V4 is emphatic that team/exec intelligence is a by-product 'never as the pitch' (:64), whereas TCI foregrounds the manager as primary user (tci.md:5, 2287-2321)"
TCI-PROD-020,Complete,"Directly matches V4: docs/Revealyst_Product_Spec_V4.md:64-66 (individual signal compounds into team/exec), :117-119 (individual self-view is the foundation), :678 (Spend Governance is a line, not the value); tci.md:2319-2323"
TCI-PRIV-001,Partial,"src/db/schema/core.ts:197-199 defines org_members.role as enum ['admin','member'] only; src/lib/api-context.ts:64 threads ctx.role from that two-tier value. No 'manager' or 'executive' role or per-role scoping exists."
TCI-PRIV-002,Conflicting,src/db/org-scope/mastery.ts:6-15 states self-view enforcement: 'a manager cannot reach another person's mastery here'; ADR 0038 lines 37-39 confirm user_capability_state is structurally excluded from TeamVisibleView so it cannot leak; src/lib/visibility.ts:214-224 assertTeamOnlyPseudonymized enforces team-only-pseudonymized in private mode. CLAUDE.md: manager-facing per-person capability view is 'a major privacy-model change'.
TCI-PRIV-003,Conflicting,"src/app/(app)/dashboard/team-overview.tsx:145-153,249-368 shows cost only as team aggregate spend + count-only segments with MIN_PEOPLE floor; budgets are admin-configured governance data role-gated to admins (team-overview.tsx:69-93). No per-named-person spend table or manager cost read exists."
TCI-PRIV-004,Missing,"Grep for manager note / managerNote / manager_note across the repo returned no files. No such table, route, or component exists."
TCI-PRIV-005,Missing,src/app/(app)/settings/page.tsx:156-175 exposes only the org-level Visibility mode control (private/managed/full) and workspace/digest/roles cards; no per-concern cost-visibility toggle exists.
TCI-PRIV-006,Partial,"src/lib/visibility-playbook.ts:33-61 + src/components/settings/visibility-mode-control.tsx provide ONE org-level mode (private/managed/full) that only governs name reveal, not these five independent concerns; ADR 0018 covers the settings visibility route."
TCI-PRIV-007,Conflicting,"src/app/legal/what-we-collect/page.tsx:66-75: 'There is no content field anywhere in the Revealyst data model.' Frozen tripwire (CLAUDE.md): 'no prompt-content ingestion in Team mode'. Prompts are never collected, so there is nothing to toggle available."
TCI-PRIV-008,Complete,src/app/legal/what-we-collect/page.tsx:65-75 confirms no content field exists anywhere; the agent allowlist (src/lib/agent-collection-schema.ts) sends only counts/labels; frozen tripwire forbids prompt-content ingestion.
TCI-PRIV-009,Conflicting,"Visibility is an org-wide mode, not role-scoped: src/lib/visibility-playbook.ts:43-60 — managed/full reveal real names 'across the workspace' to everyone; src/app/(app)/people/page.tsx:23 gates names purely on org.visibilityMode; src/lib/visibility.ts:23-30 toPersonRef nulls names by mode, not by viewer role."
TCI-PRIV-010,Partial,Confidence tiers exist (src/db/org-scope/mastery.ts:34 confidenceTier measured|modeled|directional|not_measured) and the data-confidence framework surfaces incomplete data; but there is no manager-note category (grep found none) and no single typed taxonomy separating observed-vs-inferred labels on each surface.
TCI-PRIV-011,Complete,"src/app/legal/what-we-collect/page.tsx (generated from the on-device allowlist), the Data Confidence card + 'N connected sources' line (team-overview.tsx:122-139, CLAUDE.md W9 P1), and self-view capability profile card with evidence tiers (mastery.ts:49-75) give the user the contributing-data view."
TCI-PRIV-012,Complete,src/app/(app)/dashboard/team-overview.tsx:357-368 DataTrustCard (signal coverage aggregate + connector gaps + shared accounts); confidence tiers on capability state (mastery.ts:34); MIN_PEOPLE floor and count-only segments; data-confidence.ts framework (CLAUDE.md).
TCI-PRIV-013,Partial,"Anti-gamification is founder-signed (CLAUDE.md P5); no XP/streak/leaderboard (schema-shape + banned-phrasing tests); visibility-playbook.ts:48 frames scores as 'self-coaching — never a manager leaderboard'. But TCI adds manager surfaces (coaching queue, efficiency classification, 'needs coaching') that push toward evaluation; today's code upholds the principle, new surfaces would put it at risk."
TCI-PRIV-014,Complete,All reads go through org-scoped forOrg (tenant-isolation SCOPED_READS); src/lib/visibility.ts:214-224 assertTeamOnlyPseudonymized; mastery self-view-only (mastery.ts:6-15); segments count-only with MIN_PEOPLE floor (team-overview.tsx:329-342); people page pseudonymous by default (people/page.tsx:23).
TCI-PRIV-015,Partial,"No such role exists (core.ts:197 only admin/member). However the aggregate-only, no-individual-evidence view TCI wants is exactly what Private mode already renders for every member (team-overview.tsx aggregate cards; no prompt data anywhere)."
TCI-PRIV-016,Partial,"Privacy: visibility mode control exists (settings/page.tsx:156-175) and account deletion purges per-person data (src/db/account-deletion.ts PURGE_TABLES). But there is no admin-configurable data-retention period; retention is implicit (purge on delete), not a setting."
TCI-PRIV-017,Missing,"role_assignments maps a person to an engineering JOB role for recommendation targeting, not to a manager/permission grant (src/db/schema/roles.ts:34-42); Settings exposes role assignment for that purpose only (settings/page.tsx:90-104,185-187). No manager-assignment or permission-config UI exists."
TCI-ARCH-001,Partial,"src/db/schema/core.ts:138-183 (teams + team_members group tracked people, composite tenant FKs); src/db/org-scope/teams.ts:5-73 (CRUD namespace); src/app/(app)/teams/page.tsx:19-96 (admin-managed teams page)"
TCI-ARCH-002,Missing,"src/db/schema/core.ts:159-183 (teams have NO manager column); src/lib/api-context.ts:63-66 (org role is only admin|member); grep for 'manager' in src/db/src/lib returns only self-view guard comments, no manager entity"
TCI-ARCH-003,Conflicting,"src/db/org-scope/mastery.ts:5-15 ('there is NO team/other-person read surface... a manager cannot reach another person's mastery here'); src/db/org-scope/exposures.ts:6-10 and rec-interactions.ts:9-11 (same self-view posture); CLAUDE.md: mastery is deliberately self-view-only, a manager per-person view is a MAJOR privacy-model change"
TCI-ARCH-004,Blocked,src/lib/nav-items.ts:60-69 (Growth/companion route 'activates for team-org members once T5.1 / W6-A clears its dogfood gate — no build ahead of that gate'); CLAUDE.md marks W6-A companion-in-team-orgs founder-gated on the ~6-week dogfood clock since 2026-07-14
TCI-ARCH-005,Missing,src/lib/api-context.ts:63-66 (only admin|member org roles + isPlatformAdmin boolean); no observer/executive role in src/db/schema/core.ts:189-221 invites enum
TCI-ARCH-006,Missing,"src/db/schema/core.ts:138-154 (teams has id/orgId/name only — no parent_team_id, no subgroup); team_members is flat (core.ts:159-183)"
TCI-ARCH-007,Partial,"src/app/(app)/teams/page.tsx:21,47 (admin-gated team create/manage exists); src/db/schema/core.ts:86-95 (visibilityMode is org-level, three modes) — but no per-team permission config, no manager assignment, no role-pack enablement"
TCI-ARCH-008,Conflicting,"src/lib/nav-items.ts:17-26 (W5-H dashboard-itis fold: nav deliberately minimized, roster/methodology retired) and :71-76 (team nav is 4 items: Team/AI maturity/Connections/Account); src/app/(app)/dashboard/team-overview.tsx renders exactly 5 card sections on one route"
TCI-ARCH-009,Partial,"src/lib/nav-items.ts:107-130 (navFor gates ADMIN_NAV_ITEMS on role==='admin' and PLATFORM on isPlatformAdmin) — gating exists but keys off admin/platform, not a 'manager' role"
TCI-ARCH-010,Partial,"src/db/schema/core.ts:138-154 (teams has id, orgId, name, createdAt only); team_members supplies memberIds (core.ts:159-183) — managerIds, rolePackIds, settings all absent"
TCI-ARCH-011,Partial,"src/db/schema/roles.ts:23-32 (flat roles reference table, engineering seed, no capability bundling, no status lifecycle) and :43-78 (role_assignments = person→one role); src/db/schema/capability-graph.ts:29-60 (domains/capabilities global reference, engineering domain only, not per-team-enableable)"
TCI-ARCH-012,Missing,"src/db/schema/capability-graph.ts:29-60 (capabilities are GLOBAL reference, not per-org/per-team configurable; no importance/weight column, no custom-dimension surface)"
TCI-ARCH-013,Conflicting,No snapshot table in src/db/schema/* (grep 'snapshot' returns none); team-overview computes on read (src/app/(app)/dashboard/team-overview.tsx); CLAUDE.md warns score_results.computed_at is rewritten by nightly upsert (materialized history deliberately avoided) and the codebase prefers compute-on-read (readDashboardView)
TCI-ARCH-014,Partial,"src/db/schema/capability-graph.ts:41-60 (capabilities have slug/domainSlug/version/label/summary + prose columns) — a version exists, but there is no universal/role_specific category flag and only one engineering domain is seeded"
TCI-ARCH-015,Partial,"CLAUDE.md Frozen contracts + 'A new org-scoped table needs THREE registrations': tenant-isolation SCOPED_READS, ADR (docs/decisions/, latest 0043), account-deletion purge; drizzle latest 0035; existing composite-tenant-FK pattern in src/db/schema/core.ts:159-183 and roles.ts:64-77"
TCI-DATA-001,Partial,"src/db/schema/capability-graph.ts:149-214 (user_capability_state: personId, capabilitySlug, mastery, confidence numeric, confidenceTier, evidenceCount, lastEvidenceAt, components jsonb, updatedAt); src/scoring/capability-state.ts:69-80 (CapabilityStateComputed shape)"
TCI-DATA-002,Conflicting,"TCI §4.3 line 423 (5-level enum) vs src/lib/capability-glossary.ts:10-24 (positive-first 4-band CapabilityBand: Established | Building | Developing | Getting started; masteryBand thresholds) and file header 'Discovery, never deficiency ... never a competing third ladder (L5)'; CLAUDE.md anti-deficiency + 'no 4th ladder' rules"
TCI-DATA-003,Missing,"src/db/schema/capability-graph.ts:149-214 (user_capability_state has NO trend/change/history columns — it is point-in-time, upserted per recompute); scoring.ts:106-118 (score_results is an upsert, overwritten in place); CLAUDE.md timestamp gotcha: score_results.computed_at is rewritten by the nightly recompute so it cannot serve as a change history"
TCI-DATA-004,Partial,"src/db/schema/capability-graph.ts:163-175 (confidence numeric [0,1] + confidenceTier + evidenceCount stored); src/scoring/capability-state.ts:109,154,164 (no evidence → NO row, the never-shown-without-confidence rule is already the honesty invariant); src/lib/capability-glossary.ts:45-56 (confidenceTierLabel) + 96-110 (early-read vs measured explainer)"
TCI-DATA-005,Blocked,"src/db/schema/capability-graph.ts:138-146 ('Self-view-only ... a per-person capability number NEVER leaves self-view (no team read surface consumes this table — P6's rollup aggregates it count-only)'); src/db/schema/recommendations.ts:29-30,226 (rec state + exposure are self-view-only, no manager read route); CLAUDE.md: companion-in-team-orgs (W6-A) is founder-gated on a ~6-week dogfood clock since 2026-07-14"
TCI-DATA-006,Partial,"src/db/schema/core.ts:138-183 (teams table: id, orgId, name; team_members: org_id, team_id, person_id with composite tenant FKs); tests/tenant-isolation.test.ts:65-66 (teams.list, teams.members) and :544 (teams.addMember)"
TCI-DATA-007,Missing,src/db/schema/core.ts:138-154 (teams table has only id/orgId/name — no settings jsonb or child config); no team-settings table in src/db/schema/*.ts
TCI-DATA-008,Partial,"src/db/schema/capability-graph.ts:31-67 (domains table groups capabilities by area, Engineering only; capabilities.domainSlug); src/db/schema/roles.ts:23-32 (roles = per-person role slugs, engineering-only seed, NOT a capability bundle); CLAUDE.md: non-eng role expansion is DEFERRED/gated on an honest role-telemetry source that doesn't exist"
TCI-DATA-009,Partial,"src/db/schema/capability-graph.ts:47-67 (capabilities: slug PK, label, summary, version, workflow/playbook/learningPath) + 75-110 (capability_signals binds each capability to metric/component evidence)"
TCI-DATA-010,Missing,"src/db/schema/scoring.ts:61-119 (score_results supports subjectLevel 'team' with teamId — but only for the 3 frozen score definitions, NOT per-capability, and it is upserted/overwritten); no persisted team capability aggregate or maturity-distribution table; P6 rollup (per CLAUDE.md) is computed count-only at read time in readDashboardView, not stored"
TCI-DATA-011,Partial,"src/db/schema/tracking.ts:173-222 (metric_records: per subject/day, value in usd_cents via metric_catalog unit, dim carries model=…, source_connector identifies the provider, attribution level per row); src/db/schema/billing.ts:70-103 (budgets is an org-level monthly ceiling only; comment: month-to-date spend is derived on read from spend_cents metric_records, no ledger)"
TCI-DATA-012,Partial,"CLAUDE.md + recompute-capability-state.ts (per-person capability recompute is a poller score-recompute step, all reads batched, query count independent of person count); P6 team coverage is read-time count-only, not a persisted job; src/db/schema/billing.ts:70-103 (cost derived on read, no allocation job)"
TCI-DATA-013,Partial,"src/db/schema/audit.ts:19-46 (audit_log: append-only, org-scoped, actor + dot-namespaced action + target, metadata — the manager-action trail); src/db/schema/capability-graph.ts:52,163-186 (capabilities.version=scoring version; user_capability_state stores confidence inputs + components=evidence categories + updatedAt); src/db/schema/recommendations.ts:31-69 (rec_interaction_state 'dismissed' — but SELF-VIEW ONLY, a person dismissing their own rec, not a manager dismissing an insight)"
TCI-TEL-001,Complete,"src/contracts/metrics.ts:53-73 (active_day, feature_used, sessions, model_requests, agent_active); drizzle/0030_capability-graph.sql:58-75 (ai-coding-foundations/feature-breadth/consistent-daily-use bound to exactly these)"
TCI-TEL-002,Conflicting,"tci.md:167-181 signal list is prompt-text-derived; no such key in src/contracts/metrics.ts:53-108; local-log denylist forbids message.content (docs/connector-facts.md:357-360); only proxy is acceptance ratio (metrics.ts:65-66, effective-prompting seed drizzle/0030:76-78)"
TCI-TEL-003,Conflicting,tci.md:183-197 signal list is entirely prompt/output-content-derived; no telemetry key or proxy exists in src/contracts/metrics.ts:53-108; docs/connector-facts.md field inventories expose no decomposition/planning/synthesis signal
TCI-TEL-004,Partial,"retries + edit_actions_accepted/rejected exist but are UNBOUND (src/contracts/metrics.ts:67-69); sub-daily session/turn structure exists (subject_day_signals, metrics.ts:149-166); OTel edit decisions give real accept/reject (otel-ingest.ts:120-126). But 'correction behaviour' and 'reuse of previous outputs' are content-derived."
TCI-TEL-005,Missing,No telemetry key for testing/fact-checking exists in src/contracts/metrics.ts:53-108; no vendor admin API exposes a test-run or verification signal (docs/connector-facts.md field inventories); OTel markers are active_time + code-edit decisions only (otel-ingest.ts:11-24). This is the exact capability tci.md Flow A (§12) builds a coaching campaign around.
TCI-TEL-006,Partial,"agentic family (agent_sessions/agent_requests/agent_active, metrics.ts:81-83) + agentic-delivery seed (drizzle/0030:79-81); feature_used / MCP + subagent adoption from local-log tool_use.name (docs/connector-facts.md:353); but saved-workflows/reusable-prompts/templates have no signal"
TCI-TEL-007,Partial,"This is internal-state, not vendor telemetry: capability-state history exists (src/scoring/capability-state.ts, directional/measured tiers per CLAUDE.md); rec adoption via rec_interaction_state + recommendation_exposure log; missions detect measured capability crossings (mig 0032/0037). Team-level velocity aggregation is new."
TCI-TEL-008,Partial,"Existing 9-cap eng seed maps SOME: code-review-with-ai (drizzle/0030:88-89, pull_requests+feature_used), agentic-delivery (79-81), ship-with-ai (85-87, commits/PRs/lines), model-selection (90-91). But debugging/testing/architecture-reasoning have NO signal (metrics.ts:53-108); context engineering's context_tokens key exists (metrics.ts:98-107) but has NO producer (emitter fixture-gated, D11)."
TCI-TEL-009,Blocked,"All connected vendors are developer tools (docs/connector-facts.md:16-23 summary table: Copilot, Cursor, Anthropic, OpenAI, Claude Code); no M365/Workspace/CRM/design telemetry connector exists in src/connectors/registry.ts; CLAUDE.md records non-eng role expansion is DEFERRED pending 'an honest M365/Workspace role-telemetry source (doesn''t exist)'."
TCI-TEL-010,Partial,Connected-providers list + connected-source counts + per-connection latest-run honesty badges exist (src/lib/connections-view.ts:12-60; src/app/(app)/connections/page.tsx); last-sync via connections.markSynced (src/lib/agent-ingest.ts:213) and append-only connector_runs; freshness via data-confidence 'as-of' qualifier (src/lib/data-confidence.ts:62)
TCI-TEL-011,Partial,"Identity resolution / unresolved-subject surfacing exists (src/app/(app)/reconcile/page.tsx, src/components/reconcile-subject-dialog.tsx, tracked_user contract src/contracts/tracked-user.ts: resolved vs surfaced-not-billed subjects); allocation/coverage gaps exist as honesty gaps in src/lib/data-confidence.ts (coverage/import-quality/sync-issues categories, lines 39-44)"
TCI-MET-001,Complete,"src/contracts/metrics.ts:14 (`spend` is its own MetricFamily), :61-62 (spend_cents/spend_cents_estimated map to family 'spend'); src/lib/maturity.ts:59-61,278-376 (breadth/depth axes blend activation/feature-coverage/agentic-share/multi-feature-days/concurrency only — no spend); src/lib/metrics-glossary.ts:40,494-514 (`efficiency` is a separate score slug, not part of the capability band); src/scoring/evaluate.ts:112-121 (ratio honesty, no spend component in adoption/fluency)."
TCI-MET-002,Partial,"Principle already honored: src/lib/metrics-glossary.ts:501,509 frames `efficiency` as a cost-efficiency (not ROI) read with plain-English explanation; drizzle/0030_capability-graph.sql:63,90-91 give explainable `cost-efficient-usage` and `model-selection` capabilities. But the specific per-member 6-bucket classifier (tci.md:1337-1347) joining capability-growth to spend does not exist anywhere in src/lib."
TCI-MET-003,Partial,"src/lib/spend-governance.ts:83-98 (month-to-date reported vs estimated), :178-207 (summarizeSpendByTool = by provider/tool), :218-233 (summarizeModelVolume = by model as TOKEN volume, not dollars), :432-497 (composed SpendGovernanceView with projection, cost-per-unit, model-mix trend). Present on the team view as an aggregate footer + budget banner: src/app/(app)/dashboard/team-overview.tsx:145-150,227-268. Missing: an explicit period-over-period spend delta, an explicit allocated-vs-unallocated percentage, and a dedicated 'cost-data confidence' figure."
TCI-MET-004,Conflicting,"src/lib/spend-governance.ts:14-16 and :210-233 deliberately present per-model TOKEN VOLUME, not dollars, because 'no connected vendor reports per-MODEL spend today … The absence is surfaced as a gap, never estimated into a fabricated cost.' TCI tci.md:1299 lists 'spend by model' under a cost (dollar) overview."
TCI-MET-005,Conflicting,"Team view is aggregate/count-only (src/app/(app)/dashboard/team-overview.tsx:145-150 shows only a total-spend footer; budget banner is role-gated at src/lib/spend-governance.ts:532-539). Spend is summed org-wide, never per person (spend-governance.ts:83-98,178-207). CLAUDE.md founder laws: mastery/capability state is self-view-only; MIN_PEOPLE floor + pseudonymized private mode. Per-model/per-person dollar allocation is largely unavailable (spend-governance.ts:14-16), and TCI itself concedes much spend is unallocatable (tci.md:1359)."
TCI-MET-006,Partial,"src/lib/exec-report.ts:170-194 (honest vendor-reported spend line, estimated shown alongside, never blended), :296-305 (cost-per-active-user, ratio-honest); src/lib/metrics-glossary.ts:501,509 (efficiency framed as cost-efficiency, not ROI); src/lib/spend-governance.ts:349-413 (model-mix share-shift = the 'premium usage increased' signal). Missing: a composed insight feed that pairs a capability/growth movement with a spend movement into these specific sentences."
TCI-MET-007,Partial,"Copy already resists ROI/cost-cut framing: src/lib/metrics-glossary.ts:501 ('never estimates the value or time your team actually produced'), :509 ('never an ROI figure'). No automated recommendation currently tells a manager to cut access. But there is no explicit guard/test ensuring a future cost insight or recommendation can't say 'reduce access because expensive'."
TCI-MET-008,Partial,"Row-derivable half exists: src/lib/launch-funnel.ts:168-209 + src/db/system.ts:190-257 (orgs→connected→backfilled→activated funnel, personal→team conversion). 'Sufficient data coverage' maps to existing confidence/coverage (MIN_PEOPLE, data-confidence.ts). Missing: view-side events for Team Overview and Capability Matrix — src/lib/launch-events.ts:24-39 only defines landing_view/digest_return/companion_revisit; no team/manager/matrix event (grep confirmed none in worker.ts)."
TCI-MET-009,Partial,"Coaching/recommendation action + dismissal already computable: src/db/system.ts:310-362 recEngagementRollup (shown/tried/dismissed/snoozed, counts-only, no personId in RecEngagementRollupRow). But insight-card-open, report-view, expert-directory-search, and weekly-manager-active have NO events — src/lib/launch-events.ts:24-39 event union lacks them; no expert directory or report surface is instrumented."
TCI-MET-010,Partial,"Building blocks exist: score_results history + user_capability_state (directional/measured) power capability trend; recommendation completion ≈ recEngagementRollup 'tried' (src/db/system.ts:330-341); knowledge-concentration coverage counts exist in the team P6 rollup (CLAUDE.md W7 P6 count-only capability-coverage card). Missing: packaged period-over-period outcome metrics (e.g. 'weak capability improved', 'advanced coverage increased', 'concentration reduced') as computed figures."
TCI-MET-011,Partial,"Dismissal rate is computable now (recEngagementRollup 'dismissed', src/db/system.ts:338-341). Confidence tiers exist (directional/measured, src/scoring/capability-state.ts; data-confidence framework src/lib/data-confidence.ts). Missing: an aggregate '% of scores at medium/high confidence' figure, a score-explanation-open event, a disclosure-shown-rate metric, and any user-dispute/correction mechanism (none in repo)."
TCI-MET-012,Partial,"Derivable today: allocated-vs-unallocated from reported-vs-estimated (src/lib/spend-governance.ts:83-98 + TCI-MET-003); premium-model usage shift from summarizeModelMixTrend (:349-413); capability-growth-relative-to-spend ≈ the existing `efficiency` score (metrics-glossary.ts:494-514) + output_per_spend/engagement_per_spend. Missing: a packaged 'allocated-spend coverage %' metric, a period-over-period premium-usage-reduction figure, and an 'actionable cost insights count' (depends on TCI-MET-006 existing)."
TCI-BE-001,Complete,src/scoring/recompute-capability-state.ts:53 recomputeCapabilityState; src/poller/process.ts:110 runs it in the nightly score-recompute step; src/worker.ts:202 NIGHTLY_SCORE_CRON fans one msg per org
TCI-BE-002,Partial,"src/lib/dashboard-view.ts (team overview derived on read-path, count-only) and src/lib/maturity.ts readMaturityView aggregate org-level today, but there is NO snapshot table (grep of src/db/schema found none); usage-distribution.ts:36 MIN_PEOPLE_FOR_DISTRIBUTION floors small groups"
TCI-BE-003,Partial,src/lib/usage-distribution.ts computes band tallies + concentration aggregate-only; src/lib/maturity.ts produces one org maturity level; there is no per-capability level distribution across named/counted members
TCI-BE-004,Partial,src/lib/recent-movement.ts computeRecentMovement; src/lib/attribution-trend.ts; maturity plateau logic in src/lib/maturity.ts (kind: insufficient|stale|growing|flattened); exec-report.ts:455 already calls computeRecentMovement
TCI-BE-005,Conflicting,"No skill-extraction code exists (grep for skill.extract found nothing); CLAUDE.md tripwire 'no prompt-content ingestion in Team mode'; agent collection is content-free by design (src/lib/agent-collection-schema.ts, desktop-collector memory 'content-free events')"
TCI-BE-006,Missing,No mentor code exists (grep for mentor found nothing in src/); roles/role_assignments exist (src/db/org-scope) but carry no proficiency-for-mentoring signal
TCI-BE-007,Partial,"src/lib/usage-distribution.ts computes top-decile PROMPT concentration (aggregate, org-level, uncalibrated); src/lib/maturity.ts concentration number; exec-report.ts:284 concentration section — but it is by prompt volume, not per-capability expert count, and thresholds are hard-coded/directional"
TCI-BE-008,Partial,"src/lib/score-insights.ts deriveAttention + src/lib/recommendation-catalog.ts computeUtility (deterministic ranker, benefit/difficulty/confidence/capabilityGap) already generate ranked recs with a 'why this' line + confidence disclosure, but self-view only"
TCI-BE-009,Partial,"src/lib/spend-governance.ts aggregates vendor-reported spend_cents per connection + per-model by TOKEN volume, keeps estimated separate (never summed), and surfaces gaps; but there is no per-USER allocation and no CostAllocation row with allocationMethod/confidence"
TCI-BE-010,Partial,src/lib/score-insights.ts AttentionItem taxonomy (recommendation|anomaly|plateau|milestone|spend|agentic-transition) + src/lib/anomaly.ts generate insights; rec_interaction_state stores snooze/dismiss/mark-tried BUT self-view-only; there is no ManagerInsight table with severity/status persistence
TCI-BE-011,Partial,score_results carries components + computed_at (but CLAUDE.md warns computed_at is REWRITTEN by nightly upsert — not an audit trail); rec exposure log recommendation_exposure (ADR 0038) + rec_interaction_state store dismissals self-view; audit_log exists for account actions; no per-score-version diff / manager-action audit
TCI-BE-012,Partial,"src/poller/digest.ts runWeeklyDigest + src/lib/digest-content.ts assemble a weekly email, but it is the personal-companion lane-aware digest to ADMINS (src/db/system.ts listDigestRecipients), not a manager team-capability brief with these five sections"
TCI-BE-013,Partial,"src/lib/exec-report.ts composeExecReport/readExecReport already compose a monthly board memo (maturity board, QoQ trajectory, plateau, spend, honesty gap, capability-coverage line) via src/poller/exec-report.ts on MONTHLY_EXEC_CRON (src/worker.ts:261); shared compose path with the /api/exec-report export"
TCI-BE-014,Missing,No quarterly cron/report exists (src/worker.ts crons are nightly/daily/weekly/monthly only; grep found no quarterly)
TCI-BE-015,Missing,"No PDF machinery anywhere (grep for pdf/jspdf/puppeteer/pdfkit in src/ + package.json returned nothing); src/app/api/exec-report/route.ts:28 returns print-friendly HTML with content-disposition, not PDF"
TCI-BE-016,Partial,"src/lib/maturity-csv.ts maturityViewToCsv is a pure RFC-4180 serializer wrapped by src/app/api/maturity/export/route.ts (text/csv via handleApi, 402 applies); team board CSV export already ships per CLAUDE.md"
TCI-BE-017,Partial,"Fixed crons already deliver weekly digest + monthly memo (src/worker.ts:47/55) via SES with CAS idempotency (exec-report-state, digest week-claim); but delivery is hard-coded crons to admins/owners, not a user-configurable schedule, and settings only toggle on/off (src/app/api/settings/digest/route.ts, settings/exec-report/route.ts)"
TCI-BE-018,Partial,"Delivery backbone exists: SES sendEmail (src/lib/email.ts) + CAS state tables (src/poller/budget-alert.ts:99 claimThreshold, renewal-reminder, exec-report-state) + cron→queue fan-out; budget/renewal/flywheel emails already send to admins with idempotency; but there is NO in-app notification inbox (grep found no notification table/UI) and most of these specific triggers (maturity-level crossing, capability decline, concentration, cost-without-growth) are not computed as events"
TCI-BE-019,Missing,"All existing email lanes target ADMINS/OWNERS only via src/db/system.ts listDigestRecipients (used by digest, exec-report, renewal); there is no per-member email path and no coaching/mentor-assignment events to notify on"
TCI-FE-001,Conflicting,"tci.md:449-475; src/lib/nav-items.ts:24-36 (routes deliberately RETIRED from nav in W5-H), :62-92 (current 4-item primary + admin groups), :107-138 (role/org-gated navFor); CLAUDE.md W5 ledger 'Team Intelligence folded ~18 panels → 5 cards'"
TCI-FE-002,Partial,"src/app/(app)/dashboard/team-overview.tsx:240-368 (the shipped 5 cards: Team AI health, AI maturity+axes, Training opportunities, Benchmarks & distribution, Data trust); MaturityLevelBanner/MaturityAxisMeters :299-304; AttentionSection :238; ScoreTrend/RecentMovement :259,319; SpendGovernanceLine :268"
TCI-FE-003,Missing,"src/app/(app)/dashboard/team-overview.tsx:222-236 (PageHeader has title/description + banners only — no filter bar, no team selector, no date-range control); dashboardWindow() is a fixed 180d window (:89)"
TCI-FE-004,Conflicting,"tci.md:507-517,555-569; src/app/(app)/dashboard/personal-self-view.tsx:546-547 ('No blended per-person AI health number anywhere (errata §1.2(9))'); repo has 3 scores (adoption/fluency/efficiency) + 3 maturity axes + a 9-capability ENGINEERING graph, not 7 universal dimensions (CLAUDE.md P1/P8); no radar-chart component exists"
TCI-FE-005,Conflicting,tci.md:651-769; src/components/companion/capability-profile-card.tsx:26-28 ('the caller passes only the SIGNED-IN person's own rows … so no per-person mastery ever leaves self-view'); src/components/dashboard/capability-coverage-card.tsx:12-17 ('The row prop carries NO person id or name — a per-person shape is structurally impossible'); src/components/dashboard/segment-breakdown.tsx:12-18
TCI-FE-006,Conflicting,"tci.md:771-843; existing /people (src/app/(app)/people/page.tsx:40-63) is pseudonym-only, two columns, no capability/spend; /teams (src/app/(app)/teams/page.tsx) is team→member-COUNT only; segment-breakdown.tsx:12-18 forbids per-person listing even under managed/full"
TCI-FE-007,Conflicting,"tci.md:845-995; src/app/(app)/dashboard/personal-self-view.tsx (the individual profile is SELF-view — reads mastery.forUser(ctx.user.id), missions.progressForUser(ctx.user.id), exposures.forUser); coaching-card.tsx:22-27 ('a manager surface passes no personId'); capability-profile-card.tsx:26-28"
TCI-FE-008,Partial,"src/app/(app)/growth/page.tsx (a personal /growth surface exists, self-view only, gated to personal orgs :43-45); team-overview.tsx:319 ScoreTrend, :259 RecentMovementPanel, :332-335 TrainingOpportunitiesCard (plateau verdict + count-only segments)"
TCI-FE-009,Conflicting,"tci.md:1067-1187; src/components/companion/coaching-card.tsx:22-27 (coaching affordances are self-view — 'a manager surface passes no personId, so no affordances … ever render'); recommendation interaction state is self-view-only per CLAUDE.md W5-D (rec_interaction_state)"
TCI-FE-010,Conflicting,"tci.md:1189-1281; src/components/dashboard/capability-coverage-card.tsx:12-17 (aggregate count-only, no person id — the privacy-safe analog); segment-breakdown.tsx:12-18 (no named individuals even under managed/full)"
TCI-FE-011,Partial,src/app/(app)/dashboard/team-overview.tsx:205-238 (deriveAttention builds an AttentionSection strip with recommendations/anomalies/plateau/score-drops); CLAUDE.md 'AttentionItem.kind = recommendation|anomaly|plateau|milestone|spend|agentic-transition'
TCI-FE-012,Partial,src/components/dashboard/benchmark-panel.tsx (rendered on the team view :352) shows within-org percentile + published norms; personal-self-view.tsx:668-725 verified-benchmarks card with provenance disclosure and 'we don't show unverified figures'
TCI-FE-013,Partial,src/components/maturity/maturity-report.tsx + src/app/(app)/maturity/page.tsx (an in-app board one-pager); team-overview.tsx:288 MaturityExportButton (CSV) + :289-297 link to /maturity full report; CLAUDE.md W6 'Monthly Executive narrative one-pager (email + /api/exec-report export)'; settings/exec-report-preferences-form.tsx (scheduled email opt-in exists)
TCI-FE-014,Partial,src/components/scores/score-card.tsx:185-276 (ScoreCard with value/delta/components/footer + 'How this is calculated' collapsible + honesty null-state); score-meter.tsx (the bar); maturity-axis-meters.tsx (label+score+meter pattern)
TCI-FE-015,Partial,src/lib/capability-glossary confidenceTierLabel (used in capability-profile-card.tsx:90); score-card.tsx:57-103 DeltaChip renders up/down/none/notComparable/first trend states; no single reusable Badge component named ConfidenceBadge exists
TCI-FE-016,Partial,team-overview.tsx:238 AttentionSection renders deriveAttention items (recommendation/anomaly/plateau/etc); data-confidence.tsx STATE_STYLE:52-78 already encodes reliable/needs-attention/sync-failed visual treatments (an existing severity styling map)
TCI-FE-017,Partial,src/components/companion/capability-curriculum-drawer.tsx (a Sheet-based capability detail drawer); data-confidence.tsx:255-321 (ResponsiveSheetContent drawer with sectioned disclosure + deep-link-to-section pattern)
TCI-FE-018,Complete,"src/components/companion/data-confidence.tsx: DataConfidenceCard:150-199 (collapsed: state chip + body + summary + review CTA), DataConfidenceDrawer/DisclosureItem:323-359 (expanded: explanation + impact + affected + action), TechnicalDetails:364-391 (collapsed-by-default technical reason), lastCheckedAt wired from maturity.dataAsOf"
TCI-FE-019,Conflicting,"tci.md:1813-1825; src/app/(app)/people/page.tsx:40-63 (people render as PSEUDONYM by default; real name only when visibilityMode !== private, and never with a capability/maturity badge); segment-breakdown.tsx:12-18 (no per-person maturity labels)"
TCI-FE-020,Complete,src/components/empty-state.tsx:11-64 (default + inline variants; docstring: 'the description says why the surface is empty and what makes it fill — never a fake teaser number'); used pervasively e.g. growth/page.tsx:224-245 which names the connect action + connected sources
TCI-UX-001,Complete,"src/lib/capability-glossary.ts:8-24 ('Discovery, never deficiency'; positive-first bands); src/lib/companion-glossary.ts:109-111 (COACHING_COPY.subtitle 'Never a verdict on you'); personal-self-view.tsx:542-556 (level-forward positive hero)"
TCI-UX-002,Complete,"src/lib/capability-glossary.ts:129-161 (MISSION_COPY anti-gamification, banned-phrasing test enforced, no XP/streak/league); team-overview.tsx:329-342 (count-only segments, MIN_PEOPLE floor); CLAUDE.md founder-signed anti-gamification"
TCI-UX-003,Partial,"Score cards show component breakdown + deltas + named driver (personal-self-view.tsx:317-360, score-insights personScoreDropAttribution); Data Confidence covers limitations (data-confidence.ts); coaching = next action (coaching-card.tsx). But capability-profile-card.tsx:78-104 renders only band + confidence tier + a curriculum link — no positiveSignals/limitingSignals/evidenceCount drawer per capability"
TCI-UX-004,Partial,capability-profile-card.tsx:88-91 renders confidenceTierLabel per capability row; Data Confidence card aggregates trust (personal-self-view.tsx:597). But the numeric 0-100 ScoreCard grid (personal-self-view.tsx:630-634) carries no per-score confidence badge — confidence lives only in the separate aggregate card
TCI-UX-005,Complete,"capability-glossary.ts:69-72 (forming copy); capability-profile-card.tsx:70-75 (forming EmptyState, never zeros); masteryBand at capability-glossary.ts:19-24 never floors; data-confidence.ts:18-26 honesty posture; onboarding-interim bridge (personal-self-view.tsx:601-619)"
TCI-UX-006,Partial,"empty-state.tsx:11-19 enforces 'why empty + what fills it, never a fake teaser'; onboarding-interim.tsx threads isAdmin (who resolves) (personal-self-view.tsx:610-618). But the full four-field structure (esp. 'who can resolve' + 'expected effect') isn't a first-class, consistently-rendered contract across surfaces"
TCI-UX-007,Partial,capability-glossary.ts:44-56 'early read' tier badge; data-confidence.ts:52-58 'needs-attention' state. But numeric score cards have no distinct low-confidence treatment; team CapabilityCoverageCard drops below-MIN_PEOPLE rows entirely (capability-glossary.ts:171-173) rather than marking them low-confidence
TCI-UX-008,Complete,"data-confidence.ts:64-125 (collapsed states + summary lines) and :306-518 (grouped disclosures, aggregateNote, technical-details payload, action hrefs, lastCheckedLabel); rendered via DataConfidenceCard + drawer (personal-self-view.tsx:512, 593-597)"
TCI-UX-009,Conflicting,personal-self-view.tsx:542-556 makes the maturity LEVEL + single next step the hero and demotes the raw 0-100 score grid behind a collapsed expander (personal-self-view.tsx:621-634; DIAGNOSTIC_COPY companion-glossary.ts:237-246); founder D4 ratified fewer/larger cards + one dominant action (product-signoffs.md:15); errata §1.2(9) forbids a blended per-person health number
TCI-UX-010,Partial,"Present: level (GrowthJourneyCard), next step, capability breakdown (CapabilityProfileCard), recommendations (CoachingCard), personal cost (SpendGovernanceLine personal-self-view.tsx:653), data confidence (DataConfidenceCard). Absent: a universal-vs-role-pack SPLIT (only one 9-capability engineering set exists) and manager-'assigned' coaching (coaching is self-derived, not assignable — coaching-card.tsx doc comment)"
TCI-UX-011,Partial,"SpendGovernanceLine shows reported + estimated spend + cost-per-active-user with a link to /spend (personal-self-view.tsx:653-666); estimated-pricing disclosed via Data Confidence (data-confidence.ts:216-235). 'Don't frame cost reduction as objective' is honored (spend is operational, no ROI). Missing on the personal surface: model mix, premium-model share, token volume, model-selection recommendations"
TCI-UX-012,Blocked,"The personal companion is org-of-one; the modeled-norms BenchmarkPanel is deliberately NOT on the self-view (personal-self-view.tsx:668-680, J1); GrowthPage gates team-org member activation on W6-A (growth/page.tsx:36-40). 'Don't expose named peer scores' is already Complete (MIN_PEOPLE floor, pseudonymized private mode). Mentors: no mentor feature exists"
TCI-UX-013,Missing,"Only the entry exists: team-overview.tsx renders a 5-card overview + aggregate CapabilityCoverageCard (count-only, no per-capability weakness drill-in with named members). No capability-detail-with-affected-members drawer, no Coaching Center, no campaigns, no mentor assignment, no baseline snapshot anywhere in src/app/(app)"
TCI-UX-014,Conflicting,"No Skills & Experts screen exists. A named expert directory with per-person proficiency (tci.md:1229-1245) contradicts the self-view-only mastery model and the aggregate, MIN_PEOPLE-floored, no-person-id team surface (capability-profile-card.tsx:26-28; capability-glossary.ts:165-174; team-overview.tsx:336-338)"
TCI-UX-015,Partial,"Team spend exists as a one-line governance summary + /spend page (team-overview.tsx:268-272) with estimated/reported honesty. Missing: a per-member individual cost table with efficiency CLASSIFICATION (§6.8 explainable buckets, not an opaque score), the admin visibility toggle for individual cost, and the capability-vs-cost comparison per person"
TCI-UX-016,Partial,"Self-driven half works: Individual Overview (personal-self-view.tsx), recommendations + why-line + confidence note (recommendation-card.tsx:42-55), mark-tried/snooze/dismiss (rec-interaction-actions), missions completing on measured activity (mission-progress) and milestones tracking change (growth/page.tsx:172-176). Missing: an 'assigned' (manager-set) development priority + assigned activities — coaching is self-derived, not assignable"
TCI-UX-017,Conflicting,"Violates the minimal-by-default / progressive-disclosure product law (CLAUDE.md UX principles) and reverses W5-H, which curated ~18 panels into 5 cards and folded usage detail behind a disclosure (team-overview.tsx:240-368, 310-323); founder D4 ratified fewer/larger cards + one dominant action (product-signoffs.md:15). The spec itself concedes radar is harder to read than aligned bars (tci.md:569)"
TCI-QA-001,Missing,"No manager capability-overview screen or its test exists. The existing team surface is src/app/(app)/dashboard/team-overview.tsx (count-only, 5 cards) with no capability strongest/weakest/coaching fields; closest render-test patterns are src/components/companion/companion-cards.test.tsx and src/components/maturity/maturity-report.test.tsx."
TCI-QA-002,Partial,"Confidence tiers and coverage already exist for the individual side: capability-state directional/measured tiers (src/scoring/capability-state.ts), the Data Confidence card, signal-coverage (tests/signal-coverage.test.ts), and honesty-gap tests (tests/dashboard-honesty-gaps.test.ts). No team-score confidence/coverage renderer or test exists yet."
TCI-QA-003,Missing,No manager insight feed or deep-link test exists. The individual coaching card carries a computed why-line (tests/score-insights.test.ts) but no manager-insight deep-link contract is present.
TCI-QA-004,Conflicting,This is a manager-facing per-person capability view. Today capability/mastery state is deliberately self-view-only: tests/exposures.test.ts:106 pins forUser to the caller's own rows and returns nothing for another user; the team surface is count-only with a MIN_PEOPLE floor (tests/capability-coverage.test.ts:73-84); tests/dashboard-privacy.test.ts enforces team-only-pseudonymized so real names are hidden in private mode. A per-member matrix would require overturning all three. CLAUDE.md marks companion-in-team-orgs (W6-A) founder-gated on a ~6-week dogfood clock.
TCI-QA-005,Partial,"The honesty/explainability building blocks exist: confidence tiers (src/scoring/capability-state.ts), honesty-gap surfacing (tests/dashboard-honesty-gaps.test.ts), and a data-confidence disclosure framework. No matrix cell renderer or its distinct-state test exists."
TCI-QA-006,Missing,"No coaching-assignment or campaign entity exists. The individual side has self-view rec interaction state (snooze/dismiss, tests/rec-interactions.test.ts) but no manager-assigned action, no CoachingCampaign table, and no baseline-snapshot storage. Spec §6.6 defines new CoachingCampaign/CoachingActivity objects."
TCI-QA-007,Partial,"Cost/spend already exists (budgets, spend alerts: tests/budget-alert.test.ts, tests/spend-governance.test.ts) and scoring already excludes cost by design (scoring inputs are metric_records only; tests/scoring-evaluate.test.ts honesty rules floor non-ratio components, never cost). No per-member efficiency classification, no allocation-confidence renderer, and no EXPLICIT guard test asserting cost/spend is absent from scoring inputs."
TCI-QA-008,Partial,"Route tests today cover only signed-out (401), non-admin (403), and cross-org: tests/api-routes.test.ts:120-288 and the org-level sweep in tests/tenant-isolation.test.ts. roles/role_assignments exist (tests/roles.test.ts) but no route enforces manager-vs-member, and no per-role authz matrix test exists. Every TCI screen is role-scoped, so this is the central missing QA surface."
TCI-QA-009,Complete,"Stronger than the spec asks: prompt-content ingestion in Team mode is a hard tripwire (CLAUDE.md 'Tripwires — never build in V1: no prompt-content ingestion in Team mode'), so raw prompts are never ingested at all, not merely hidden. The tripwire guard hook runs on every edit."
TCI-QA-010,Missing,"No manager-notes entity exists anywhere in the repo, so neither the notes nor the guard proving they are excluded from scoring exists. Analogous isolation is already proven for renewal_date being unverifiable/non-scoring (tests/renewal-reminders.test.ts) — same 'user-entered field never touches the score' shape."
TCI-QA-011,Partial,"The individual side already has this: the Data Confidence card + framework (src/lib/data-confidence.ts per CLAUDE.md), honesty-gap tests (tests/dashboard-honesty-gaps.test.ts), signal-coverage (tests/signal-coverage.test.ts). No team-surface disclosure renderer/test exists."
TCI-QA-012,Missing,"The three guards exist and are strict: tenant-isolation SCOPED_READS with a non-vacuous B-org seed + completeness assertion (tests/tenant-isolation.test.ts:50-60), the FK-ordered purge with a ≥21-edge anti-vacuity floor (tests/account-deletion.test.ts:287-337), and the frozen-contracts ADR gate in CI (.github/workflows/ci.yml:39-89). Every TCI table is new, so none is registered yet."
TCI-QA-013,Partial,The pattern exists and is proven for one aggregate: tests/capability-coverage.test.ts:73-84 asserts a capability below SEGMENT_MIN_PEOPLE_TO_NAME is dropped entirely (never suppressed-but-implied). Every NEW team aggregate needs its own such test; none exist yet.
TCI-QA-014,Partial,"Two banned-phrasing patterns exist and are enforced: the missions schema+copy sweep (tests/missions.test.ts:73-78,159-173 — no xp/streak/league/points/badge/level-up) and the LMS/curriculum sweep (tests/capability-curriculum.test.ts:55-110). The TCI Benchmarks screen (§6.10) and 'ready for next level' framing are gamification-risk copy with no sweep yet."
TCI-QA-015,Partial,"The parity patterns exist: digest↔dashboard share the SAME coaching source with identical selection+order (tests/digest-content.test.ts:261-268), and migration-equivalence/output-equivalence guards pin byte-identical behavior (tests/recommendation-catalog.test.ts:225-255, tests/utility-ranker.test.ts). TCI adds weekly/monthly/quarterly reports + manager notifications that must not drift from the on-screen numbers — no such parity test exists yet."
TCI-QA-016,Partial,"Known flakes are documented (CLAUDE.md: occasional '[vitest-pool]: Worker exited unexpectedly' Windows fork crash, a rare pseudonym-collision in tests/api-impl.test.ts, and 2-5 auth/connector files failing a different set under load — confirm by running named files in isolation). A perf guard already pins read cost independent of person count (tests/perf/capability-state-queries.test.ts:46-62, 20x people → identical query count). New team aggregates must add the same perf guard, and CI must keep the rerun-on-flake strategy."
TCI-DOC-001,Conflicting,"tci.md:5 declares 'Document version: 1.0' with no provenance/author/repo-path; every requirement line is tagged [INFERRED, HIGH|MED] (e.g. tci.md:9, tci.md:33, tci.md:2289) — 100% inferred, zero signed. Repo rule that this collides with: CLAUDE.md 'Ground truth: Product Spec V4'; docs/product-signoffs.md:1-9 (founder judges evidence; human gates never self-certified, rule 4)."
TCI-DOC-002,Partial,"House style exists and is proven: docs/legacy/product/revealyst-gap-analysis.md:1-11 (narrative + 'Companion artifacts' list), docs/product/requirements.csv (header id,spec_section,tier,domain,requirement), docs/legacy/product/traceability.csv (id,spec_section,tier,domain,status,evidence), docs/legacy/product/implementation-roadmap.md. The TCI-specific instance of these does not yet exist."
TCI-DOC-003,Partial,Pattern exists: docs/legacy/ai-capability-implementation-gap-analysis.md:1-16 (a '> Superseded.' banner pointing to CLAUDE.md wave banners as current truth); docs/Revealyst_Execution_Plan_V4.md §7 'Documentation state & the single-source-of-truth rule'. No TCI doc carries it yet.
TCI-DOC-004,Missing,Governance rules: docs/decisions/README.md:1-15 (ADR required before a frozen-contract change; unique 4-digit prefixes CI-enforced; ADR vs migration numbers independent); CLAUDE.md 'A new org-scoped table needs THREE registrations' (tenant-isolation SCOPED_READS + ADR + account-deletion purge). TCI proposes ~8 new entities (tci.md:1843-1935) with zero ADRs drafted.
TCI-DOC-005,Missing,"Ledger exists and is the required home: docs/product-signoffs.md:1-9 + the D4/D5/D7/D8/D9/D10/OQ-00x rows. No TCI rows exist. CLAUDE.md rule 4: gates are human-reviewed, never self-certified by the authoring agent."
TCI-DOC-006,Conflicting,"TCI wants it: tci.md:651-711 (Capability Matrix rows = named team members with per-capability cells) and tci.md:845-995 (manager-facing individual profile with capability breakdown). Founder-signed opposite: mastery is deliberately self-view-only — docs/decisions/0036-user-capability-state.md; CLAUDE.md P2 'org-scoped, self-view-only mastery table' and P7 'self-view-only — no manager/admin read route; never on the team view'."
TCI-DOC-007,Conflicting,"TCI: tci.md:771-843 (Team Members table, per-member rows) and tci.md:651-769 (matrix, optional grouped rows by squad/location). Founder-signed opposite: team view is count-only with a MIN_PEOPLE champion floor and pseudonymized private mode — CLAUDE.md W5 'segments count-only-everywhere + MIN_PEOPLE champion floor'; P6 'count-only, MIN_PEOPLE-floored ... a capability below the floor is dropped entirely (never a suppressed-but-implied number)'; src/lib/nav-items.ts + team-overview is 5 count-only card sections."
TCI-DOC-008,Conflicting,"TCI: tci.md:99-119 (managers see 'individual-level cost analytics'), tci.md:963-981 (per-member Cost and Usage tab), tci.md:1309-1329 (Individual Cost Table with per-member monthly spend). It does add an admin toggle (tci.md:1997) and 'never reduce access solely because expensive' (tci.md:1361). Tension with: the count-only/pseudonymized team model (CLAUDE.md W5) and spend surfaced today at team grain (src/lib/nav-items.ts:88 '/spend')."
TCI-DOC-009,Conflicting,"TCI: tci.md:63 'Sensitive prompt content should not be exposed by default', tci.md:1601 'whether prompt-level evidence is available', tci.md:1981 'behavioral summaries, not raw private conversations by default'. The 'by default' framing implies it can be enabled. Hard ban: CLAUDE.md Tripwires 'no prompt-content ingestion in Team mode'; docs/Revealyst_Product_Spec_V4 NOT-list; the founder-signed desktop-collector direction is content-free events only."
TCI-DOC-010,Blocked,TCI: tci.md:291-409 (seven non-eng packs) — though §14 (tci.md:2167) sensibly recommends Engineering-first. Named gate: docs/product/requirements.csv:110 NOT-015 'No non-engineering role libraries in MVP or V1'; docs/Revealyst_Execution_Plan_V4.md Future ledger 'Role expansion beyond Engineering — Evidence-gated: the §16(3) research question (M365 Copilot / Google Workspace admin APIs as honest telemetry) answered affirmatively'; OQ-003 (requirements.csv:155) + OQ-004 (:156).
TCI-DOC-011,Blocked,"TCI: tci.md:9 'extends the existing Individual AI Growth Companion into a manager-facing capability development platform'; entire §13 MVP (tci.md:2101-2133). Named gate: CLAUDE.md 'W6-A (Companion-in-Team-orgs + dual-source dedup) on the §14 ~6-week dogfood outcome'; docs/legacy/product/revealyst-gap-analysis.md:22 (the #1 structural gap is deliberately gated, clock since 2026-07-14)."
TCI-DOC-012,Conflicting,"TCI: tci.md:447-475. Founder-signed opposite: the shipped team nav is four primary items — src/lib/nav-items.ts:72-75 (Team, AI maturity, Connections, Account) + a small admin group (:86-88); CLAUDE.md W5 'Team Intelligence folded ~18 panels → 5 cards'; product-signoffs D4 'fewer/larger cards, progressive disclosure, one dominant action per screen'; CLAUDE.md UX principle 'minimal by default'."
TCI-DOC-013,Conflicting,"TCI: tci.md:415-445 (CapabilityScore.score:number, level enum) and tci.md:503-531 (large score as the primary card). Founder-signed opposite: the raw 0–100 is deliberately demoted behind a diagnostic expander and the maturity ladder is a separate 0–4 MODELED model — CLAUDE.md W5 'raw 0–100 demoted behind a diagnostic-details expander ... never a 4th ladder'; src/lib/maturity-glossary.ts:34-53 (levels 0–4, distinct copy); product-signoffs OQ-008 'capability profile = breakdown of the existing band, NOT a new/third scoring system'."
TCI-DOC-014,Conflicting,"TCI: tci.md:2289 'positioned as an AI Capability Intelligence and Growth Platform', tci.md:5 'Primary users: Team managers ...'. Founder-signed opposite: docs/product/requirements.csv:VIS-001 'individual-first Personal AI Companion; team/exec intelligence is a by-product surface, never the individual pitch'; CLAUDE.md 'bottom-up Personal AI Companion whose individual signal compounds into ... intelligence CTOs pay for'; onboarding is companion-pitch-first."
TCI-DOC-015,Missing,The rule is stated only in this task's orchestration prompt; it has no repo home. It must sit beside the analysis (docs/product/tci/ narrative + a note in docs/product-signoffs.md) so future readers apply it consistently. Precedent: docs/product-signoffs.md 'Notes' section already documents how default/pending/ratified rows behave.
